UMAP1,UMAP2,CellType,Group
5.67403667275443,4.86426661297715,cancercells,PCR
5.66948429533569,4.87743159493891,cancercells,PCR
5.80238387624841,5.05531751005133,cancercells,PCR
6.04528903957962,5.38714588472959,cancercells,PCR
6.27270291622202,5.66003061134627,cancercells,PCR
6.52561806774315,5.97582998152934,cancercells,PCR
6.72118761790048,6.23370735612639,cancercells,PCR
6.90451903192962,6.55549355118678,cancercells,PCR
7.14620222130147,6.78227262129247,cancercells,PCR
7.26941697109742,7.11786789582832,cancercells,PCR
7.50333121151233,7.38135679953323,cancercells,PCR
7.66800884826823,7.63268319291698,cancercells,PCR
7.87047619758306,7.87571965576254,cancercells,PCR
7.91191541489963,8.07381849830903,cancercells,PCR
8.16413337128684,8.36935893596038,cancercells,PCR
8.22369121072173,8.51751243054975,cancercells,PCR
8.37915079499388,8.66594014117779,cancercells,PCR
8.18520494310734,8.94438382417633,cancercells,PCR
8.34985169872856,9.03762934945275,cancercells,PCR
8.68102836409122,9.14440858820665,cancercells,PCR
8.42300015669812,9.54673191956131,cancercells,PCR
8.80635388371199,9.59473574103938,cancercells,PCR
8.58119299632456,9.72308515941844,cancercells,PCR
8.82709760214448,9.87022374605453,cancercells,PCR
8.5950599916209,10.1743836470272,cancercells,PCR
8.86251885371139,10.3123516947416,cancercells,PCR
8.863296617294,10.5670648873752,cancercells,PCR
9.01619366348502,10.8439269850608,cancercells,PCR
9.0725722061704,11.0058257528695,cancercells,PCR
9.06546229688138,11.2454889137436,cancercells,PCR
9.21368948486329,11.3168602161717,cancercells,PCR
9.35415801082672,11.6532630034287,cancercells,PCR
9.42205041473857,11.9707138582732,cancercells,PCR
9.34244284169691,12.1432599053591,cancercells,PCR
9.53759512792778,12.3877562337112,cancercells,PCR
9.60759523718367,12.4413073154468,cancercells,PCR
9.50847317291514,12.8438747834666,cancercells,PCR
9.68672418200465,13.0026511789725,cancercells,PCR
9.55772902275358,13.1816906553549,cancercells,PCR
9.80628060684336,13.2857008907796,cancercells,PCR
9.83622721102726,13.4245969497386,cancercells,PCR
9.92425699110328,13.7936571706047,cancercells,PCR
9.95509416611676,14.0265957070777,cancercells,PCR
10.1235038813674,14.3798505055586,cancercells,PCR
10.1649940217879,14.8216566312829,cancercells,PCR
10.2711024624432,15.1317143576728,cancercells,PCR
10.3367787486026,15.3723752389034,cancercells,PCR
10.4346516095226,15.6994011994513,cancercells,PCR
10.4359029553412,15.7889739311055,cancercells,PCR
10.5063155458846,15.9542587873633,cancercells,PCR
10.5273698182542,16.3372559249867,cancercells,PCR
10.6417677165845,16.6264595155262,cancercells,PCR
10.7867195124767,16.9256977709634,cancercells,PCR
10.9089810317166,17.2109373963802,cancercells,PCR
10.9932064466125,17.4571902864134,cancercells,PCR
11.0707614176128,17.7779925170691,cancercells,PCR
11.0965472634097,17.9275431112966,cancercells,PCR
11.1447080124381,18.1845389460044,cancercells,PCR
11.180568320086,18.4568840291791,cancercells,PCR
11.04552813199,18.6643937942001,cancercells,PCR
11.2185006257932,19.0071387650951,cancercells,PCR
11.4638674345854,19.304900760547,cancercells,PCR
11.4062009194038,19.486241848792,cancercells,PCR
11.2371049080424,19.5614477317586,cancercells,PCR
10.8431423402883,19.7424453363291,cancercells,PCR
10.8120075585511,19.9250530885284,cancercells,PCR
11.2196137473451,20.2304424768163,cancercells,PCR
10.7689389575866,20.4113652910563,cancercells,PCR
11.0317402911758,20.6152326430795,cancercells,PCR
10.4046632186362,20.6196897485377,cancercells,PCR
10.9242993191702,21.0254895657087,cancercells,PCR
10.5012017109635,20.8996711809946,cancercells,PCR
10.328000061154,21.066839768142,cancercells,PCR
10.0276064729248,21.0550117217634,cancercells,PCR
10.6772153149632,21.52481723769,cancercells,PCR
10.3782404132526,21.7352029058891,cancercells,PCR
9.75178788722211,21.3942463024626,cancercells,PCR
10.1042710308691,21.9106931912835,cancercells,PCR
10.1398468337554,22.0364409431918,cancercells,PCR
9.60057406358401,21.8837906005371,cancercells,PCR
9.94568283238167,22.2716481222108,cancercells,PCR
9.82707549957793,22.5475862468671,cancercells,PCR
9.42161920815061,22.3705663532943,cancercells,PCR
9.19476759387699,22.3753555306216,cancercells,PCR
9.35948848647232,22.9239876893079,cancercells,PCR
8.87724252733168,22.8504523544935,cancercells,PCR
9.08356236762439,23.1500620787981,cancercells,PCR
8.89520011659563,23.3308135063732,cancercells,PCR
8.43578828435657,23.2393963508566,cancercells,PCR
8.44039702160246,23.5910351866463,cancercells,PCR
8.32498726673682,23.7279129879568,cancercells,PCR
7.93032443593196,23.5819992967632,cancercells,PCR
7.79828623024783,23.5279041485793,cancercells,PCR
7.73390545838396,23.9870909830785,cancercells,PCR
7.41179405389002,23.8205710754596,cancercells,PCR
7.32035249429821,24.0392690922375,cancercells,PCR
7.2776576929346,24.2112840804623,cancercells,PCR
6.99733258122018,24.0437430650933,cancercells,PCR
6.89777036380824,24.0291442173866,cancercells,PCR
6.844298683327,24.0268114327257,cancercells,PCR
4.94875405904242,4.03487081646031,cancercells,RD
4.69286040897801,3.7457667034994,cancercells,RD
4.35898437774331,3.41515408413857,cancercells,RD
4.03115985040215,3.07714336033656,cancercells,RD
3.77390447081839,2.79478258262689,cancercells,RD
3.54678762740764,2.58071563596398,cancercells,RD
3.26860201683491,2.29527020631344,cancercells,RD
3.06814183552143,2.08835940374591,cancercells,RD
2.84848677552689,1.95385052409321,cancercells,RD
2.67373952678795,1.84936947523363,cancercells,RD
2.44466633342315,1.64978011432391,cancercells,RD
2.35428526031258,1.34853919480014,cancercells,RD
1.99242113384822,1.43790215494234,cancercells,RD
1.87878366646763,1.2915759708848,cancercells,RD
1.66726806912563,1.30663044049853,cancercells,RD
1.8307093851914,0.850525109941626,cancercells,RD
1.62778797374223,0.737774363722168,cancercells,RD
1.16995216148919,0.888486930018952,cancercells,RD
1.09410671283875,0.659734586749692,cancercells,RD
1.26920857200468,0.296305837089565,cancercells,RD
0.819735600892769,0.388302137052722,cancercells,RD
0.502119886705649,0.343367781320529,cancercells,RD
0.546121809638525,-0.0452131508684119,cancercells,RD
0.488549471612413,-0.247622495193711,cancercells,RD
0.114665674033677,-0.235797274683482,cancercells,RD
0.169165106435168,-0.564351892649604,cancercells,RD
-0.273039548175002,-0.503001551909716,cancercells,RD
-0.364711251646948,-0.858898151189428,cancercells,RD
-0.33085082259093,-1.02152949598357,cancercells,RD
-0.706727627674138,-0.986213596646176,cancercells,RD
-0.654665321554379,-1.38536540959399,cancercells,RD
-1.06152705507352,-1.13772027420951,cancercells,RD
-0.955134360557054,-1.65857424674524,cancercells,RD
-1.10218679576294,-1.6750032647228,cancercells,RD
-1.56177963180956,-1.61907303536795,cancercells,RD
-1.50704533068361,-1.99591113334141,cancercells,RD
-1.54382662040312,-2.04388121512021,cancercells,RD
-2.05334359643814,-2.02024820258938,cancercells,RD
-1.89046826223456,-2.36990167912015,cancercells,RD
-1.91835695983985,-2.52628780359408,cancercells,RD
-2.26054232404076,-2.43915205504257,cancercells,RD
-2.37990248850134,-2.73476597181391,cancercells,RD
-2.38961576459682,-3.02275138060026,cancercells,RD
-2.72899657620815,-3.05075253110212,cancercells,RD
-2.79987730693882,-3.22773830867999,cancercells,RD
-2.97063707836927,-3.41444352667263,cancercells,RD
-3.22294240480562,-3.57676143205925,cancercells,RD
-3.34536058923107,-3.84682209696966,cancercells,RD
-3.69635796636275,-3.91805825951212,cancercells,RD
-3.87025626075173,-4.14466545628256,cancercells,RD
-4.11096755197241,-4.08809954029141,cancercells,RD
-4.02536557155447,-4.38926182848013,cancercells,RD
-4.25179760246751,-4.27898423957775,cancercells,RD
-4.23122830812126,-4.4192892368282,cancercells,RD
-4.14577200401466,-4.68558539914071,cancercells,RD
-4.39066303377722,-4.88421883823867,cancercells,RD
-4.46648411968342,-5.16602243447814,cancercells,RD
-4.55219696630986,-5.67325563858155,cancercells,RD
-4.74521129894959,-5.98341688161446,cancercells,RD
-4.94624551902008,-6.3828371444749,cancercells,RD
-5.09863998562383,-6.69645662466118,cancercells,RD
-5.13583001977642,-6.8209327651047,cancercells,RD
-5.17286262861015,-6.98320764283738,cancercells,RD
-5.26955140739218,-7.1563849020064,cancercells,RD
-5.04965950268198,-7.5441694259828,cancercells,RD
-5.16271515600036,-7.68488944429115,cancercells,RD
-5.75544564091165,-7.56498125826183,cancercells,RD
-5.64273548348512,-7.86863984243405,cancercells,RD
-5.23482327643371,-8.13916652469157,cancercells,RD
-5.66035098102079,-8.07445305914321,cancercells,RD
-5.39373889089587,-8.55785643074895,cancercells,RD
-6.03519572446367,-8.31485381922167,cancercells,RD
-5.45019588344808,-8.80861770248454,cancercells,RD
-5.63408984323746,-8.79973590333833,cancercells,RD
-5.60227320056398,-8.97536469650208,cancercells,RD
-6.30701505984301,-8.75892516045301,cancercells,RD
-6.39974219604849,-8.8449297939786,cancercells,RD
-5.76733283620127,-9.4182055439238,cancercells,RD
-6.36915139152591,-9.15751931948822,cancercells,RD
-6.05244614971648,-9.59006400180125,cancercells,RD
-6.11763991613076,-9.62802828999232,cancercells,RD
-6.51715939417025,-9.68181484665483,cancercells,RD
-6.81349349368337,-9.71648992127758,cancercells,RD
-6.61853601578897,-10.1900550354842,cancercells,RD
-7.04334529634406,-10.143188284714,cancercells,RD
-6.95217208062136,-10.6287048077521,cancercells,RD
-7.07673072025103,-10.5544009673055,cancercells,RD
-7.37129845659109,-10.6001990951567,cancercells,RD
-7.42639563846067,-11.0690017556104,cancercells,RD
-7.47722458001543,-11.0363069862361,cancercells,RD
-7.64590364185851,-11.3035199571023,cancercells,RD
-7.76279217806777,-11.4477621337891,cancercells,RD
-7.99203502115948,-11.4957410425618,cancercells,RD
-8.30235685212507,-11.5681505096742,cancercells,RD
-8.47874985154094,-11.6720178361334,cancercells,RD
-8.79288928289519,-11.7813622920751,cancercells,RD
-9.21591589787418,-11.7780487444294,cancercells,RD
-9.3667575349361,-11.8800938457147,cancercells,RD
-9.59639152284572,-11.7823691690778,cancercells,RD
-9.70401278946512,-11.8878476653311,cancercells,RD
5.41814912404752,9.25278988702684,regulatorytcell,PCR
5.52056476904596,9.34607539366199,regulatorytcell,PCR
5.6672415656121,9.50965161876096,regulatorytcell,PCR
5.82460948093289,9.71747653183462,regulatorytcell,PCR
5.95417593831658,9.8479288287054,regulatorytcell,PCR
6.15641659172268,10.0451301080703,regulatorytcell,PCR
6.25568704341847,10.159247046409,regulatorytcell,PCR
6.37420096039276,10.3189328160545,regulatorytcell,PCR
6.49822150334679,10.4514875185014,regulatorytcell,PCR
6.66357377615527,10.6183847430884,regulatorytcell,PCR
6.83577106805757,10.6494871526074,regulatorytcell,PCR
6.90175226965028,10.9444179281159,regulatorytcell,PCR
7.07169435431215,11.004280037191,regulatorytcell,PCR
7.29292270291023,11.0327545210621,regulatorytcell,PCR
7.32143571506274,11.2108065267941,regulatorytcell,PCR
7.43321463790808,11.398405766242,regulatorytcell,PCR
7.57128168538466,11.5097452296446,regulatorytcell,PCR
7.71095583728079,11.5175667341371,regulatorytcell,PCR
7.76643408287054,11.6894345028346,regulatorytcell,PCR
7.89604613916979,11.8300326657584,regulatorytcell,PCR
8.07213448601526,11.936034905407,regulatorytcell,PCR
8.19405537620197,12.1449263066271,regulatorytcell,PCR
8.39245899937009,12.2761042169565,regulatorytcell,PCR
8.522826895416,12.3611753468052,regulatorytcell,PCR
8.75555686701459,12.5879011492593,regulatorytcell,PCR
8.91036359599108,12.6722120749575,regulatorytcell,PCR
9.14689981087934,12.824005164985,regulatorytcell,PCR
9.31561934456281,12.9326628761602,regulatorytcell,PCR
9.51229420389945,13.1204976713984,regulatorytcell,PCR
9.68614890815448,13.2684684010098,regulatorytcell,PCR
9.79334766818215,13.4788563148809,regulatorytcell,PCR
9.86885120773696,13.6134523874848,regulatorytcell,PCR
10.2179037414393,13.4484356801095,regulatorytcell,PCR
10.3733723320468,13.4807453111844,regulatorytcell,PCR
10.1239250982771,14.0416885471797,regulatorytcell,PCR
10.253768346036,14.0840395994217,regulatorytcell,PCR
10.3333625263634,14.1209094305082,regulatorytcell,PCR
10.4728751983653,14.0689480310362,regulatorytcell,PCR
10.705658064599,13.8979513137128,regulatorytcell,PCR
10.8153748559405,13.9326740521959,regulatorytcell,PCR
11.0393645279363,14.1449036146558,regulatorytcell,PCR
11.323674606223,14.2057782456828,regulatorytcell,PCR
11.7002454930031,14.3398135458255,regulatorytcell,PCR
12.2345923703353,14.4953547728858,regulatorytcell,PCR
12.7677101326855,14.6953379591159,regulatorytcell,PCR
13.2155720391888,14.8372922475049,regulatorytcell,PCR
13.4948988665806,14.9396665862467,regulatorytcell,PCR
13.7457109906032,15.0090522045893,regulatorytcell,PCR
13.9108001840437,15.0341570371962,regulatorytcell,PCR
14.0099661530556,15.223749999088,regulatorytcell,PCR
14.1264678529474,15.4481135438318,regulatorytcell,PCR
14.4425028515651,14.9876105500399,regulatorytcell,PCR
14.425190824738,15.4401344813722,regulatorytcell,PCR
14.6510659562467,14.9777432935715,regulatorytcell,PCR
14.720808775196,15.6122425696347,regulatorytcell,PCR
14.9495514613261,15.048622749018,regulatorytcell,PCR
15.0652649629176,15.6163290737391,regulatorytcell,PCR
15.1777406899951,15.7029660074458,regulatorytcell,PCR
15.3265910953257,15.5979049034194,regulatorytcell,PCR
15.5216710880826,15.1223695819137,regulatorytcell,PCR
15.6611106632366,15.1242285871053,regulatorytcell,PCR
15.7534856478349,15.7630263251972,regulatorytcell,PCR
15.9108500362849,15.6792764530366,regulatorytcell,PCR
16.1194162804579,15.6374704564868,regulatorytcell,PCR
16.2089511184723,15.2765937824038,regulatorytcell,PCR
16.3299087500814,15.1629831373446,regulatorytcell,PCR
16.5247577581579,15.5423870943995,regulatorytcell,PCR
16.6750557115275,15.2343949987142,regulatorytcell,PCR
16.9346432878212,15.2562097451808,regulatorytcell,PCR
17.0937532333479,15.1677873477031,regulatorytcell,PCR
17.3880622080516,15.1802452422061,regulatorytcell,PCR
17.6207083234663,15.1847506723441,regulatorytcell,PCR
17.8873375441737,15.0808750751088,regulatorytcell,PCR
18.1489147610265,14.9923731364846,regulatorytcell,PCR
18.4393457688144,14.9605232730323,regulatorytcell,PCR
18.7166476629581,14.9286832112563,regulatorytcell,PCR
18.901954755642,14.835676980017,regulatorytcell,PCR
19.1663547109259,14.7272157919699,regulatorytcell,PCR
19.3919661746716,14.69369457317,regulatorytcell,PCR
19.6192312822267,14.5162172486538,regulatorytcell,PCR
19.8429167221782,14.4143868915558,regulatorytcell,PCR
20.0533774824034,14.2016130646381,regulatorytcell,PCR
20.1256438758997,14.0427491358797,regulatorytcell,PCR
20.4090282990862,13.9213953772593,regulatorytcell,PCR
20.6204289930398,14.1800756890986,regulatorytcell,PCR
20.7278997955967,13.8715953729499,regulatorytcell,PCR
20.8625712718622,13.5892467331199,regulatorytcell,PCR
21.0510299204423,13.7789490739213,regulatorytcell,PCR
21.1077349917103,13.6017845931865,regulatorytcell,PCR
21.3545121769135,13.6751930632256,regulatorytcell,PCR
21.4152712122125,13.9949738195096,regulatorytcell,PCR
21.5027293771768,13.887767364142,regulatorytcell,PCR
21.6105600736369,14.2217564510014,regulatorytcell,PCR
21.6518815601076,14.4101124569719,regulatorytcell,PCR
21.3824194454316,14.4710949442487,regulatorytcell,PCR
21.2154556453499,14.556540365132,regulatorytcell,PCR
21.1185563385791,14.7759920813836,regulatorytcell,PCR
20.8945735314553,14.9417721109425,regulatorytcell,PCR
20.7183823685378,15.0752546057319,regulatorytcell,PCR
20.5052710865511,15.2577822193504,regulatorytcell,PCR
-12.2529642874655,-22.019096397642,regulatorytcell,RD
-12.3485185472086,-22.0905509113522,regulatorytcell,RD
-12.4446069476796,-22.2155978508238,regulatorytcell,RD
-12.5102404164144,-22.4001124624909,regulatorytcell,RD
-12.6226947361777,-22.5466428279449,regulatorytcell,RD
-12.705241442875,-22.8310553355808,regulatorytcell,RD
-12.8209535528697,-23.0290477484331,regulatorytcell,RD
-12.9424114808856,-23.3259784299122,regulatorytcell,RD
-12.9680437502711,-23.4480248984922,regulatorytcell,RD
-12.9804498125411,-23.6245689210641,regulatorytcell,RD
-12.9179738475327,-23.8756913623673,regulatorytcell,RD
-12.9403801326331,-24.1587053192945,regulatorytcell,RD
-12.9857950670319,-24.2427706500448,regulatorytcell,RD
-12.8590353712704,-24.4765557772988,regulatorytcell,RD
-12.9560379634176,-24.6130899588481,regulatorytcell,RD
-12.9707655507896,-24.7442550116071,regulatorytcell,RD
-12.9382563362278,-24.9712720361848,regulatorytcell,RD
-12.7658725508368,-25.1182533729466,regulatorytcell,RD
-13.0041390232709,-25.2684811649256,regulatorytcell,RD
-12.9514344000979,-25.4249455173555,regulatorytcell,RD
-12.821717653079,-25.5829955348154,regulatorytcell,RD
-12.9529771682053,-25.7589239872933,regulatorytcell,RD
-12.6201238018338,-25.9427871846135,regulatorytcell,RD
-12.916344243116,-26.160321107224,regulatorytcell,RD
-12.7766277096466,-26.3862203259315,regulatorytcell,RD
-12.7264901797413,-26.5272314293766,regulatorytcell,RD
-12.986465083114,-26.6334983574193,regulatorytcell,RD
-12.8686836831546,-26.9155998955836,regulatorytcell,RD
-12.7614726962847,-27.2093230400559,regulatorytcell,RD
-12.7467725452399,-27.3470480634058,regulatorytcell,RD
-12.894490673334,-27.4397352012611,regulatorytcell,RD
-13.0341816816115,-27.6386808500707,regulatorytcell,RD
-13.3140576058676,-27.7258109210634,regulatorytcell,RD
-12.8979282054709,-28.0456708650743,regulatorytcell,RD
-13.1901013314383,-28.1593813216957,regulatorytcell,RD
-12.905247156825,-28.3964455389125,regulatorytcell,RD
-13.0763164187112,-28.5094688287013,regulatorytcell,RD
-13.3832326269893,-28.5271191656599,regulatorytcell,RD
-13.507629261029,-28.6504450572274,regulatorytcell,RD
-13.0738689076099,-28.8721764905054,regulatorytcell,RD
-13.216891123211,-28.9730283597888,regulatorytcell,RD
-13.0800771497757,-29.1516163569468,regulatorytcell,RD
-13.3929129993679,-29.4731037236646,regulatorytcell,RD
-13.3647608849354,-29.6214966994828,regulatorytcell,RD
-13.328707306193,-29.8442221610787,regulatorytcell,RD
-13.309936383604,-30.0684806722133,regulatorytcell,RD
-13.3530238041717,-30.2865432110266,regulatorytcell,RD
-13.2641098642485,-30.5733413096782,regulatorytcell,RD
-13.2316935140986,-30.8590963204286,regulatorytcell,RD
-13.1520695421341,-31.0911185018929,regulatorytcell,RD
-13.0751703051795,-31.338492919275,regulatorytcell,RD
-12.9978861574989,-31.5664264027794,regulatorytcell,RD
-12.9416744958186,-31.7995188815952,regulatorytcell,RD
-12.8471544799107,-32.0124245928982,regulatorytcell,RD
-12.7980013664655,-32.2009385691756,regulatorytcell,RD
-12.7044806732442,-32.5018569756462,regulatorytcell,RD
-12.7099118980808,-32.4923379596751,regulatorytcell,RD
-12.5667475931836,-32.703616831699,regulatorytcell,RD
-12.5126571502927,-33.0703118035179,regulatorytcell,RD
-12.546719560575,-33.158462579881,regulatorytcell,RD
-12.2322624823625,-33.3402090422419,regulatorytcell,RD
-12.2169479530015,-33.3977876293765,regulatorytcell,RD
-12.5234427789225,-33.6487497001267,regulatorytcell,RD
-12.37548871045,-33.7544139510184,regulatorytcell,RD
-12.2112521062726,-33.9604142288496,regulatorytcell,RD
-11.8907769672072,-34.1827241913922,regulatorytcell,RD
-11.955518848386,-34.4179745402608,regulatorytcell,RD
-12.0396412841306,-34.5139432713182,regulatorytcell,RD
-11.8856603689598,-34.6321193547324,regulatorytcell,RD
-11.9780429893752,-34.8341218888032,regulatorytcell,RD
-12.2657254734049,-34.9245004019091,regulatorytcell,RD
-12.1469480751404,-35.0906938595598,regulatorytcell,RD
-12.5723162523673,-35.0584867221079,regulatorytcell,RD
-12.3985455356948,-35.3474238643975,regulatorytcell,RD
-12.5060506787441,-35.4569159507341,regulatorytcell,RD
-12.4226987555554,-35.6531638195544,regulatorytcell,RD
-12.4400152369878,-35.8732343725386,regulatorytcell,RD
-12.6218014731614,-36.0310729349624,regulatorytcell,RD
-12.64611697089,-36.1856516600101,regulatorytcell,RD
-12.6322312533737,-36.5011457061066,regulatorytcell,RD
-12.7038637045488,-36.7211660185548,regulatorytcell,RD
-12.7997292978469,-37.1105031123485,regulatorytcell,RD
-12.8927947456603,-37.0872065444906,regulatorytcell,RD
-12.9775161156182,-37.352556079961,regulatorytcell,RD
-13.1120682137611,-37.6287468658386,regulatorytcell,RD
-13.1785059864812,-37.8772839153142,regulatorytcell,RD
-13.2835615646149,-38.0382868501922,regulatorytcell,RD
-13.4570685099711,-38.2280869993385,regulatorytcell,RD
-13.4717366680638,-38.5460432502015,regulatorytcell,RD
-13.2817995878402,-39.1263921359588,regulatorytcell,RD
-13.5252419141339,-39.0540205667456,regulatorytcell,RD
-13.6529363219454,-39.024666955237,regulatorytcell,RD
-13.7724901158818,-39.0667614468664,regulatorytcell,RD
-13.9519280258878,-38.9963602580343,regulatorytcell,RD
-13.9381604871373,-39.21516913046,regulatorytcell,RD
-14.213394436902,-39.1577100267151,regulatorytcell,RD
-14.2158156245708,-39.2739685583741,regulatorytcell,RD
-14.3880394544388,-39.298820376727,regulatorytcell,RD
-14.4767852082482,-39.3684264122938,regulatorytcell,RD
-14.5140371894894,-39.4272404340306,regulatorytcell,RD
35.1058022778869,30.1033158482382,effectortcells,PCR
35.0059610255445,29.8816451154666,effectortcells,PCR
34.8997458864322,29.5771259239943,effectortcells,PCR
34.7368578668811,29.387712542256,effectortcells,PCR
34.6247118011599,29.124467168399,effectortcells,PCR
34.426497744433,28.9003255441145,effectortcells,PCR
34.3689269096588,28.6725424598886,effectortcells,PCR
34.1711856836169,28.5412942095984,effectortcells,PCR
33.983845026162,28.4129357836368,effectortcells,PCR
33.9269014058231,28.2838584386695,effectortcells,PCR
33.9888495008045,27.9500935254089,effectortcells,PCR
33.9271976617632,27.8599481071476,effectortcells,PCR
33.5928508560576,27.9626676645981,effectortcells,PCR
33.6791173575735,27.6066122289988,effectortcells,PCR
33.3657078155183,27.7982715123659,effectortcells,PCR
33.4961987090549,27.4259804340748,effectortcells,PCR
33.3575539922082,27.3174499455533,effectortcells,PCR
33.0089237300391,27.5594433847578,effectortcells,PCR
32.6790806472937,27.4964411052649,effectortcells,PCR
32.8370256829919,27.3888964444901,effectortcells,PCR
32.8573191221946,27.0016179064353,effectortcells,PCR
32.6279270122211,26.8093968305247,effectortcells,PCR
32.4269427752075,27.0275135708638,effectortcells,PCR
32.4082508924107,26.7151438953756,effectortcells,PCR
32.1060631575469,27.000093141513,effectortcells,PCR
32.0884660454894,26.6780352803867,effectortcells,PCR
31.7938195031226,26.866947813596,effectortcells,PCR
31.756999800551,26.4062710106604,effectortcells,PCR
31.606218220518,26.4009848139785,effectortcells,PCR
31.2745135498535,26.5752027309544,effectortcells,PCR
31.170749240798,26.4279897073681,effectortcells,PCR
31.0244041387731,26.3480712757393,effectortcells,PCR
30.8528968337506,26.3538610832523,effectortcells,PCR
30.6136142451065,26.228687949775,effectortcells,PCR
30.2839236502452,26.1767278760804,effectortcells,PCR
30.1180971018293,26.0992481935169,effectortcells,PCR
30.0336258815178,26.1038090437349,effectortcells,PCR
29.7505940099542,26.026731610876,effectortcells,PCR
29.4736158567278,25.9639452347879,effectortcells,PCR
29.226531708688,25.903579981024,effectortcells,PCR
29.0120369075284,25.8588109263292,effectortcells,PCR
28.7456704817611,25.7462591147455,effectortcells,PCR
28.596413994317,25.6668129046793,effectortcells,PCR
28.4259420002934,25.6073495377069,effectortcells,PCR
28.1803611369712,25.6025529514915,effectortcells,PCR
28.0144880938482,25.5734983973125,effectortcells,PCR
27.8607338226052,25.4952358991885,effectortcells,PCR
27.7887025165636,25.4562182590066,effectortcells,PCR
27.5865868214987,25.3618432029935,effectortcells,PCR
27.4496739924749,25.3207677436574,effectortcells,PCR
27.2599173759028,25.2794882309745,effectortcells,PCR
27.0701434646628,25.2415894732394,effectortcells,PCR
26.8264249942995,25.1045541332961,effectortcells,PCR
26.522741837134,24.9640130135653,effectortcells,PCR
26.2999990206764,24.9365784148892,effectortcells,PCR
25.9880490951968,24.8597025342322,effectortcells,PCR
25.7340708547514,24.7614726531572,effectortcells,PCR
25.5669962325632,24.6347158468764,effectortcells,PCR
25.3507751378753,24.5867255082092,effectortcells,PCR
25.1525718276401,24.5384413519855,effectortcells,PCR
24.9164164181518,24.4988105838077,effectortcells,PCR
24.7174246186617,24.455663028275,effectortcells,PCR
24.5555446989686,24.3057111301981,effectortcells,PCR
24.4215869471108,24.1701503932036,effectortcells,PCR
24.1066140590884,24.2188738915173,effectortcells,PCR
24.118592278472,24.1310961056083,effectortcells,PCR
24.1840730248968,23.8751641945127,effectortcells,PCR
23.7910207852205,24.2684203733699,effectortcells,PCR
23.9555956491588,23.7113617027553,effectortcells,PCR
23.6438196802313,24.1054877789021,effectortcells,PCR
23.5216182029503,24.1903031668815,effectortcells,PCR
23.6494791010245,23.4820656391318,effectortcells,PCR
23.3283533687398,23.8442670522489,effectortcells,PCR
23.1032940449528,23.8626875887747,effectortcells,PCR
23.1763792988242,23.3494081226725,effectortcells,PCR
23.0209090768679,23.4539997934368,effectortcells,PCR
22.7005823619141,23.5470588531228,effectortcells,PCR
22.5811550074402,23.2880071025504,effectortcells,PCR
22.559124084227,23.0347228718776,effectortcells,PCR
22.2495382634815,23.0381060597832,effectortcells,PCR
22.2371364744523,22.883969021269,effectortcells,PCR
22.0632531323501,22.8764712528632,effectortcells,PCR
21.8348445453382,22.7779412382376,effectortcells,PCR
21.6942815821659,22.6766653232878,effectortcells,PCR
21.5349250642078,22.5316056804975,effectortcells,PCR
21.4232350728652,22.3924492823262,effectortcells,PCR
21.442935749627,22.2658127290683,effectortcells,PCR
21.4692826604162,21.9183700563043,effectortcells,PCR
21.0476683328572,22.1575088922174,effectortcells,PCR
21.0161334545407,21.8903757387414,effectortcells,PCR
21.4644192971614,21.4106188735139,effectortcells,PCR
20.7504562689328,21.550240820842,effectortcells,PCR
21.1793793967253,21.0917187505945,effectortcells,PCR
20.8085507776731,21.5224051706887,effectortcells,PCR
20.6124328849209,21.1691864244361,effectortcells,PCR
20.596205874199,21.06787925145,effectortcells,PCR
20.9394044973338,21.0641155824523,effectortcells,PCR
20.8752557399562,21.0197787345995,effectortcells,PCR
21.0104364132582,20.8888359739454,effectortcells,PCR
20.8905639113104,20.8614655307445,effectortcells,PCR
-12.9079957188827,-31.0015104382664,effectortcells,RD
-12.928500046489,-31.0907692581389,effectortcells,RD
-13.1446682308344,-31.2069384483301,effectortcells,RD
-13.2481675236575,-31.3682100893736,effectortcells,RD
-13.488987917347,-31.5145803455193,effectortcells,RD
-13.7214470411593,-31.6257095562989,effectortcells,RD
-13.9468124215112,-31.746097251934,effectortcells,RD
-14.1131042256533,-31.8725085446154,effectortcells,RD
-14.3441745125578,-32.055375378439,effectortcells,RD
-14.5740975616733,-32.1013445280149,effectortcells,RD
-14.7014886546738,-32.2477080293398,effectortcells,RD
-14.9424575954807,-32.3206424423206,effectortcells,RD
-15.1483736756385,-32.3221979058466,effectortcells,RD
-15.2260460415401,-32.5739872534139,effectortcells,RD
-15.3287848835107,-32.6911305880779,effectortcells,RD
-15.4823532371361,-32.7318400610756,effectortcells,RD
-15.5820377567192,-32.8477387350141,effectortcells,RD
-15.58436750709,-33.0812606853168,effectortcells,RD
-15.93838637938,-32.9912138162428,effectortcells,RD
-15.9183607567026,-33.1734040089642,effectortcells,RD
-15.847911912282,-33.4285106955868,effectortcells,RD
-16.1623836784032,-33.3479777718138,effectortcells,RD
-16.2655881435565,-33.6177322103961,effectortcells,RD
-16.4409150299478,-33.6934979780749,effectortcells,RD
-16.4227828313133,-33.9472798844953,effectortcells,RD
-16.5953815556357,-34.1057981393691,effectortcells,RD
-16.7804666886326,-34.1073517353976,effectortcells,RD
-16.8684304319731,-34.3147039872318,effectortcells,RD
-17.0710530380909,-34.4468583223772,effectortcells,RD
-17.2024409142539,-34.5768844692305,effectortcells,RD
-17.354138943621,-34.7612195081257,effectortcells,RD
-17.4421960603736,-34.9541983503992,effectortcells,RD
-17.6228934274681,-35.0445542392052,effectortcells,RD
-17.7248165387938,-35.3097066765982,effectortcells,RD
-18.0087368518375,-35.3806807137,effectortcells,RD
-18.1636338546755,-35.4194181577626,effectortcells,RD
-18.1027916665886,-35.7738563204576,effectortcells,RD
-18.365320535048,-35.7650953587751,effectortcells,RD
-18.7172144811562,-35.6581641297853,effectortcells,RD
-18.5033731287814,-35.856853097248,effectortcells,RD
-18.2236213455334,-36.261796006518,effectortcells,RD
-18.651679119899,-36.0708456913609,effectortcells,RD
-18.882910608468,-36.0123564503493,effectortcells,RD
-18.6102028584146,-36.4026910409333,effectortcells,RD
-18.7926408731033,-36.4524039423205,effectortcells,RD
-19.2555724972582,-36.3262100317147,effectortcells,RD
-19.2347197016153,-36.5090959118337,effectortcells,RD
-19.2314562166619,-36.7644557131068,effectortcells,RD
-19.3398800122227,-36.961919376529,effectortcells,RD
-19.4974902344505,-37.1443168645227,effectortcells,RD
-19.7250588981176,-37.3208078639692,effectortcells,RD
-19.9141588272797,-37.54298975077,effectortcells,RD
-20.1185669554141,-37.8509967250316,effectortcells,RD
-20.2106006090627,-38.1539781306191,effectortcells,RD
-20.5753456185885,-38.5807862399843,effectortcells,RD
-20.5971464440918,-39.0463767095648,effectortcells,RD
-20.5723034965829,-39.3328869743314,effectortcells,RD
-20.5214268231183,-39.5538843722935,effectortcells,RD
-20.4589869114662,-39.6786918838385,effectortcells,RD
-20.393050860853,-39.883694326662,effectortcells,RD
-20.4131233910112,-39.9500400252709,effectortcells,RD
-20.5097581168386,-39.9890316722025,effectortcells,RD
-20.6212566702854,-39.878507790403,effectortcells,RD
-20.7671462522587,-39.7965174490718,effectortcells,RD
-21.1549669083587,-39.6664455617456,effectortcells,RD
-21.2747702266483,-39.678301566259,effectortcells,RD
-21.7708480610413,-39.4684267810471,effectortcells,RD
-22.1673900645769,-39.5189697514553,effectortcells,RD
-22.4178752558133,-39.6289728852106,effectortcells,RD
-22.4839080486037,-39.5944961534114,effectortcells,RD
-22.6430812341823,-39.4983418739219,effectortcells,RD
-22.8205715610843,-39.7136611130055,effectortcells,RD
-22.8496752224588,-39.795955285561,effectortcells,RD
-23.121912512746,-39.875031553954,effectortcells,RD
-23.5797219069612,-39.8710851183393,effectortcells,RD
-23.4118380259829,-39.9610502043511,effectortcells,RD
-23.4350394624757,-40.0355105420144,effectortcells,RD
-23.5394421987156,-40.2343619685196,effectortcells,RD
-23.9852784821968,-40.4149234524775,effectortcells,RD
-23.8881916786274,-40.5812039177177,effectortcells,RD
-23.9701389636339,-40.6880263888904,effectortcells,RD
-24.3802484944228,-40.8367815402702,effectortcells,RD
-24.5752783394096,-40.9968457982438,effectortcells,RD
-24.8397171232004,-41.2685270467074,effectortcells,RD
-25.0354480768978,-41.4330306558735,effectortcells,RD
-25.1032448938757,-41.564172929385,effectortcells,RD
-25.430795155518,-41.7212933461961,effectortcells,RD
-25.5192940469797,-41.7494871201554,effectortcells,RD
-25.3496576458465,-42.0984157355403,effectortcells,RD
-25.5067208771248,-42.2045821385903,effectortcells,RD
-25.7005306565788,-42.3531714964592,effectortcells,RD
-25.6591998367283,-42.5981892511754,effectortcells,RD
-25.8521050806786,-42.6244172126503,effectortcells,RD
-25.9118371194247,-42.6068297832497,effectortcells,RD
-26.1474046626634,-42.5265915028082,effectortcells,RD
-26.1389169205413,-42.5724317382718,effectortcells,RD
-26.2294135038568,-42.3693033479877,effectortcells,RD
-26.3686501658997,-42.1797261975205,effectortcells,RD
-26.2650009656869,-42.0940634986358,effectortcells,RD
-26.3101817615693,-41.8174869125473,effectortcells,RD
21.9043754798435,-0.981448035872506,macrophages,PCR
21.8762229786598,-0.753628346696818,macrophages,PCR
21.8195674792555,-0.513635207655,macrophages,PCR
21.7104298241587,-0.111815618764292,macrophages,PCR
21.6611204947232,0.244688227069223,macrophages,PCR
21.6118855076801,0.697742110323523,macrophages,PCR
21.5970879659437,0.875988526683978,macrophages,PCR
21.5239093422575,1.19899252506404,macrophages,PCR
21.4409661923903,1.4828009151418,macrophages,PCR
21.4900746755167,1.73474724150438,macrophages,PCR
21.4819140116969,1.92812700913386,macrophages,PCR
21.3666706098274,2.12098612637036,macrophages,PCR
21.5323583244167,2.38297498589932,macrophages,PCR
21.4263076326336,2.52368405985354,macrophages,PCR
21.1285208634332,2.65120280348135,macrophages,PCR
21.2764876876172,2.77572732813443,macrophages,PCR
20.9541283369945,2.78742954891277,macrophages,PCR
21.349340573177,3.14590507291694,macrophages,PCR
21.0471454621254,3.07614741148051,macrophages,PCR
21.2799374752053,3.43426955293987,macrophages,PCR
21.3824044324932,3.56716847953331,macrophages,PCR
21.005545696407,3.73119965009078,macrophages,PCR
20.7876629357366,3.75377099505637,macrophages,PCR
20.844413096498,4.05051472756086,macrophages,PCR
20.7623239026662,4.183830429938,macrophages,PCR
20.6267548180737,4.34122552078887,macrophages,PCR
20.2510853998724,4.25223257717358,macrophages,PCR
20.1520157823672,4.30344384857352,macrophages,PCR
20.5150030624996,4.83681832083918,macrophages,PCR
20.4738474595255,4.96345657857791,macrophages,PCR
20.276463465406,4.9690868497285,macrophages,PCR
20.1327219878142,4.83920648511977,macrophages,PCR
20.0147749427272,4.99000311523262,macrophages,PCR
19.845923127955,4.94331323455139,macrophages,PCR
19.7396533074571,4.99516679518763,macrophages,PCR
19.5808455844227,5.12527064599238,macrophages,PCR
19.1065329212357,5.37765427436579,macrophages,PCR
18.8093607597565,5.58183412574908,macrophages,PCR
18.4368866788481,5.85011024319834,macrophages,PCR
18.1188498683951,6.04625339209332,macrophages,PCR
17.7112893210885,6.37173973836155,macrophages,PCR
17.3348572372433,6.60429110340733,macrophages,PCR
17.0414677642332,6.86390588834498,macrophages,PCR
16.995483791151,7.06440730953433,macrophages,PCR
16.9560098750333,7.36464003388283,macrophages,PCR
16.9627823895096,7.54696198060461,macrophages,PCR
16.8785191255712,7.66796973427548,macrophages,PCR
16.7640881646136,7.62416882515056,macrophages,PCR
16.6546614702123,7.40366143583773,macrophages,PCR
16.4389595392617,7.32371946300558,macrophages,PCR
16.2723995239151,7.15045187443229,macrophages,PCR
16.1490918330936,7.12905614571804,macrophages,PCR
15.8502589497386,7.02156347548987,macrophages,PCR
15.6295512152786,7.32153231162911,macrophages,PCR
15.3238020854227,7.42547730241423,macrophages,PCR
15.0527559263852,7.41436462073274,macrophages,PCR
14.7343374027125,7.59628624519327,macrophages,PCR
14.5672631290252,7.64501015048294,macrophages,PCR
14.3319045533954,7.54994393031914,macrophages,PCR
14.268622589194,7.85128799563863,macrophages,PCR
14.0508966322776,7.60919810091599,macrophages,PCR
13.9030115425612,8.10363600965043,macrophages,PCR
13.8051379738375,7.90729186573457,macrophages,PCR
13.7546856953021,8.26755477460064,macrophages,PCR
13.5497094107938,7.67783355469231,macrophages,PCR
13.5787757804889,8.27723777968815,macrophages,PCR
13.3455752385552,7.79514237640136,macrophages,PCR
13.2581577970025,8.09945735226969,macrophages,PCR
13.0584241631634,8.33395372190566,macrophages,PCR
12.8050807722394,8.10379252152275,macrophages,PCR
12.5686213482953,8.23074903087611,macrophages,PCR
12.2476515068687,8.32930414518117,macrophages,PCR
11.9857843994079,8.44428779727851,macrophages,PCR
11.7606158676476,8.53144757876713,macrophages,PCR
11.4999372315704,8.5820306794929,macrophages,PCR
11.4120926929676,8.74059310132058,macrophages,PCR
11.1614959089164,8.85663589973531,macrophages,PCR
11.065781793685,8.86939181781538,macrophages,PCR
10.8759137944992,8.93843102137224,macrophages,PCR
10.6867716527989,8.98235604645221,macrophages,PCR
10.4811712425623,9.11598755290846,macrophages,PCR
10.3214450357913,9.16511102785045,macrophages,PCR
10.1722727484533,9.20319033254906,macrophages,PCR
9.95057492323336,9.46553384446635,macrophages,PCR
9.81800939399104,9.25253924976083,macrophages,PCR
9.59370282424208,9.42676649278744,macrophages,PCR
9.60184219490746,9.53399436110629,macrophages,PCR
9.29737989833638,9.42447219576457,macrophages,PCR
9.25806656055633,9.7524643942262,macrophages,PCR
8.98983124866825,9.4761779025359,macrophages,PCR
8.89051865639773,9.38117258595286,macrophages,PCR
8.95663998466866,10.0085876464764,macrophages,PCR
8.76316927720026,9.97147536512248,macrophages,PCR
8.57273676559721,9.79342440291524,macrophages,PCR
8.45231609003228,9.69625329590303,macrophages,PCR
7.99607001206325,10.0026486567496,macrophages,PCR
8.08570478324193,9.74439600854192,macrophages,PCR
8.01830991288847,9.7312059061505,macrophages,PCR
7.92377051257186,9.64959787767075,macrophages,PCR
7.85119316158178,9.56089951863517,macrophages,PCR
-17.9332361897481,-38.6080806137262,macrophages,RD
-18.0785577822862,-38.50324963142,macrophages,RD
-18.2467731914172,-38.5755161759356,macrophages,RD
-18.6329763410473,-38.5313296056402,macrophages,RD
-18.8651339196885,-38.4609462173852,macrophages,RD
-19.103721824183,-38.4087309988248,macrophages,RD
-19.3874451352369,-38.3413602848935,macrophages,RD
-19.6658570363033,-38.261294022089,macrophages,RD
-19.9595898199151,-38.1031490447086,macrophages,RD
-20.1507626393288,-38.0713306526911,macrophages,RD
-20.310362072005,-38.0009682346793,macrophages,RD
-20.6002774283004,-37.7285199261299,macrophages,RD
-20.7419248480223,-37.812050938038,macrophages,RD
-20.8196331739561,-37.679402815431,macrophages,RD
-21.1829310322373,-37.6190864378098,macrophages,RD
-20.9834735804517,-37.2965519664468,macrophages,RD
-21.3738484266737,-37.3866914617183,macrophages,RD
-21.2683726089366,-37.0314799561393,macrophages,RD
-21.3076790746054,-36.6971352803788,macrophages,RD
-21.5815654170319,-36.8196335180515,macrophages,RD
-21.7844812477949,-36.9758721931135,macrophages,RD
-21.9102225152074,-36.6788795039657,macrophages,RD
-22.1711302436787,-36.6592732203578,macrophages,RD
-22.1345961632128,-36.5016575463257,macrophages,RD
-22.0164126719822,-36.0538948043576,macrophages,RD
-22.1760065514223,-36.1051027276587,macrophages,RD
-22.291708796853,-35.8993976379612,macrophages,RD
-22.2895167554871,-35.7265618486333,macrophages,RD
-22.7414839200419,-35.9584697218957,macrophages,RD
-22.5260309319082,-35.5922316957696,macrophages,RD
-22.9308208351854,-35.7171795632796,macrophages,RD
-23.0624791494385,-35.5160904077404,macrophages,RD
-22.9339011230287,-35.1876983320965,macrophages,RD
-23.0126772335953,-35.0664591174532,macrophages,RD
-23.1986609538912,-34.9126002592851,macrophages,RD
-23.3919280836457,-34.6827159980559,macrophages,RD
-23.5303043790127,-34.6391588035185,macrophages,RD
-23.5995025680646,-34.5184273603159,macrophages,RD
-23.7414554316378,-34.4058515314897,macrophages,RD
-23.9228437367417,-34.2989648201561,macrophages,RD
-23.9310069170201,-34.0230092704293,macrophages,RD
-24.1436631867769,-33.9305928359447,macrophages,RD
-24.1313741820383,-33.7086085673956,macrophages,RD
-24.3930578000128,-33.5841452910031,macrophages,RD
-24.4386201949275,-33.5646461826416,macrophages,RD
-24.5158199501052,-33.33224142721,macrophages,RD
-24.7378824253611,-33.0632648285774,macrophages,RD
-24.7178752283428,-32.8624124034737,macrophages,RD
-25.0200786543231,-32.7770549343859,macrophages,RD
-25.0754500881908,-32.5328819043945,macrophages,RD
-25.0895726416054,-32.3880091201779,macrophages,RD
-25.1853981658635,-32.2974535655466,macrophages,RD
-25.2801768740705,-32.0302747108696,macrophages,RD
-25.4648445860283,-31.9941347387325,macrophages,RD
-25.410984668119,-31.5997051934569,macrophages,RD
-25.6020524790225,-31.4704924922824,macrophages,RD
-25.5301686140876,-31.3726688685422,macrophages,RD
-25.7510869067425,-31.3406129411114,macrophages,RD
-25.5948114104049,-31.0142988220924,macrophages,RD
-25.4613319603321,-30.8333328421166,macrophages,RD
-25.7408867795089,-30.6565373640178,macrophages,RD
-25.6251450743686,-30.332680843277,macrophages,RD
-25.5865885888476,-30.1996115403771,macrophages,RD
-25.8171171693496,-30.1545010256298,macrophages,RD
-25.8478083503194,-29.9307187511796,macrophages,RD
-25.8473914706534,-29.7739776642353,macrophages,RD
-25.8804564426926,-29.6654125468421,macrophages,RD
-26.0864789456584,-29.4791384043981,macrophages,RD
-26.2784274619898,-29.3458940814682,macrophages,RD
-26.2217741222478,-29.160151609479,macrophages,RD
-26.2386021192854,-28.9593096184938,macrophages,RD
-26.3324499621069,-28.7282358609465,macrophages,RD
-26.5792514444062,-28.654644120686,macrophages,RD
-26.5701797141835,-28.5083258450182,macrophages,RD
-26.6159513128616,-28.3612256412213,macrophages,RD
-26.7282091915826,-28.0714845678792,macrophages,RD
-26.8850211324878,-27.8579646586633,macrophages,RD
-26.9152468463801,-27.884899864847,macrophages,RD
-27.0395282687978,-27.6339842931194,macrophages,RD
-27.2515468460934,-27.4701377770334,macrophages,RD
-27.388874869548,-27.2839676344963,macrophages,RD
-27.648844488826,-27.0490113511558,macrophages,RD
-27.6111066818956,-26.9677482280617,macrophages,RD
-27.7924600591778,-26.741506914756,macrophages,RD
-28.0613685243387,-26.5370284378429,macrophages,RD
-28.2004260201852,-26.3868517410911,macrophages,RD
-28.4957994259185,-26.397558071815,macrophages,RD
-28.4601160625757,-26.1667009075355,macrophages,RD
-28.545989377859,-25.9029883847618,macrophages,RD
-29.0419966148542,-26.1091984593864,macrophages,RD
-29.1192006160526,-25.8983077454568,macrophages,RD
-28.7788192380316,-25.6245399919399,macrophages,RD
-28.8269527592784,-25.4326327771784,macrophages,RD
-29.3566267695946,-25.702222834021,macrophages,RD
-29.4460875062646,-25.6459836707125,macrophages,RD
-29.441117900143,-25.570467141128,macrophages,RD
-29.0692828318243,-25.3410025994056,macrophages,RD
-29.1617843690374,-25.295037831086,macrophages,RD
-29.3737853672208,-25.2760037505211,macrophages,RD
-29.2591144879245,-25.1390286040416,macrophages,RD
23.1462492824061,9.21619506927387,endothelialcells,PCR
23.0706566892645,9.37633705646454,endothelialcells,PCR
22.9292163751883,9.66562158307592,endothelialcells,PCR
22.7657830967774,9.96496282718239,endothelialcells,PCR
22.5841627890721,10.296573920782,endothelialcells,PCR
22.414714331981,10.5887232899107,endothelialcells,PCR
22.2439089595343,10.9355716263493,endothelialcells,PCR
22.0669526087397,11.1911026223815,endothelialcells,PCR
21.8363427854541,11.5321298479305,endothelialcells,PCR
21.8606161193011,11.7340735228883,endothelialcells,PCR
21.6664344481821,11.959276884701,endothelialcells,PCR
21.4353892196693,11.8768852815632,endothelialcells,PCR
21.1660223054383,11.9463368594353,endothelialcells,PCR
21.4298641886091,12.4890988130118,endothelialcells,PCR
21.2708724086139,12.5935836164633,endothelialcells,PCR
20.7288633488033,12.203444135003,endothelialcells,PCR
20.7122595779721,12.3969012842538,endothelialcells,PCR
20.4563605705726,12.3695162496427,endothelialcells,PCR
20.8701284384043,13.0557379681977,endothelialcells,PCR
20.7255899773726,13.1387942264574,endothelialcells,PCR
20.3499327502382,12.9523625045353,endothelialcells,PCR
19.9698161348658,12.7992628070818,endothelialcells,PCR
19.9723392268744,12.9909662264987,endothelialcells,PCR
20.1479091625864,13.4367326769039,endothelialcells,PCR
19.7219630613135,13.326700878047,endothelialcells,PCR
19.8324698158774,13.7579452692868,endothelialcells,PCR
19.4980788000402,13.8108912210908,endothelialcells,PCR
19.4016441741431,14.1763940956053,endothelialcells,PCR
19.1793871979182,14.2000304050793,endothelialcells,PCR
18.9343067521473,14.463666074861,endothelialcells,PCR
18.8124846088319,14.6594554953006,endothelialcells,PCR
18.609649616863,14.9307238638239,endothelialcells,PCR
18.7192173991629,15.2589456916061,endothelialcells,PCR
18.5486385851206,15.4800258873933,endothelialcells,PCR
18.0221582111798,15.3848585194502,endothelialcells,PCR
17.9229708897761,15.5623733066229,endothelialcells,PCR
18.2024228805494,15.9536661759344,endothelialcells,PCR
17.613823565402,15.596025019551,endothelialcells,PCR
18.0881545095096,16.2321765049642,endothelialcells,PCR
18.0232117852365,16.3719293882026,endothelialcells,PCR
17.3856497027696,15.94174295422,endothelialcells,PCR
17.8112765461237,16.4790543807628,endothelialcells,PCR
17.1864862077638,16.1150442245083,endothelialcells,PCR
17.2231468250412,16.3279933135572,endothelialcells,PCR
17.5445561181207,16.8227123650469,endothelialcells,PCR
17.2305204611466,16.8020134423561,endothelialcells,PCR
16.7184643580306,16.4933585999767,endothelialcells,PCR
16.8056978577791,17.0090699000757,endothelialcells,PCR
16.6372178600273,17.0483458915145,endothelialcells,PCR
16.3890152864067,17.2732983226185,endothelialcells,PCR
16.2696011220707,17.5930614805621,endothelialcells,PCR
16.0564232291548,17.8557849859424,endothelialcells,PCR
15.8210646314588,18.2567217728777,endothelialcells,PCR
15.5278691988391,18.4473260186752,endothelialcells,PCR
15.3333226211914,18.8243399414077,endothelialcells,PCR
15.1229834514726,18.9815920062051,endothelialcells,PCR
14.9626644003683,19.1193880522662,endothelialcells,PCR
14.9806263055124,19.3946627581714,endothelialcells,PCR
14.8241416018005,19.4488427256513,endothelialcells,PCR
14.5761534084529,19.5001059047896,endothelialcells,PCR
14.4563608725027,19.8047809603137,endothelialcells,PCR
14.1417854780101,19.9902230926625,endothelialcells,PCR
13.9323671458027,20.2374113800628,endothelialcells,PCR
13.8838099231878,20.563361296132,endothelialcells,PCR
13.5098290750086,20.5280112541094,endothelialcells,PCR
13.689909601957,20.9508812672567,endothelialcells,PCR
13.2588433187565,20.8640780922137,endothelialcells,PCR
13.1803923939757,20.8101597903297,endothelialcells,PCR
13.462411158398,21.3019742631038,endothelialcells,PCR
13.2584004063163,21.4713700165877,endothelialcells,PCR
12.8056271260226,21.1011218891821,endothelialcells,PCR
12.7211052156191,21.3222589773522,endothelialcells,PCR
12.5280136665616,21.4612551859323,endothelialcells,PCR
12.6806609644756,21.8694365911618,endothelialcells,PCR
12.5852310962651,22.1163170797583,endothelialcells,PCR
12.0596782478211,21.7603347030588,endothelialcells,PCR
11.9451034377628,21.9705480509699,endothelialcells,PCR
12.1076406619312,22.4605775820719,endothelialcells,PCR
11.8674586605625,22.4743059502391,endothelialcells,PCR
11.536709209972,22.4678083966167,endothelialcells,PCR
11.1693795894822,22.3919581410557,endothelialcells,PCR
11.5208680599555,22.9048584872727,endothelialcells,PCR
11.2205703344362,22.8375705506623,endothelialcells,PCR
10.9274244679941,22.6282650253213,endothelialcells,PCR
11.0126899376406,23.4280398203274,endothelialcells,PCR
10.9492408410446,23.6391834331775,endothelialcells,PCR
10.8323765615696,23.6717006149599,endothelialcells,PCR
10.4333252858928,23.2340778264692,endothelialcells,PCR
10.2418949469199,23.1006516652108,endothelialcells,PCR
10.2198713150007,23.6233549941887,endothelialcells,PCR
10.2694921572039,23.9410510310652,endothelialcells,PCR
9.80054751055574,23.3588322603494,endothelialcells,PCR
9.77726123700972,23.565110968539,endothelialcells,PCR
9.72828042980469,24.0226459459789,endothelialcells,PCR
9.54943648139561,24.2544782840896,endothelialcells,PCR
9.09624181377142,23.6385824986333,endothelialcells,PCR
9.12361090914913,24.1329352998235,endothelialcells,PCR
8.87273689599806,23.8478166510083,endothelialcells,PCR
8.90033116016739,24.1119869791154,endothelialcells,PCR
8.83859937481179,24.0910671944218,endothelialcells,PCR
-32.3821410595514,-13.2242005957077,endothelialcells,RD
-45.4928110327901,-10.1069855731917,endothelialcells,RD
-45.3579276503939,-9.96528081680987,endothelialcells,RD
-45.1523511176595,-9.78631638011207,endothelialcells,RD
-44.9626844339722,-9.61012615586094,endothelialcells,RD
-44.6937210874547,-9.57348302712433,endothelialcells,RD
-44.4382005737926,-9.47877258436302,endothelialcells,RD
-44.2390459795345,-9.34599025364325,endothelialcells,RD
-43.9745071392773,-9.44331533190876,endothelialcells,RD
-43.7545873669468,-9.43540094049671,endothelialcells,RD
-43.5650316811067,-9.3079554174386,endothelialcells,RD
-43.3031596463599,-9.27086020108516,endothelialcells,RD
-43.165217261742,-9.29586175536186,endothelialcells,RD
-42.9584957515956,-9.64263815623222,endothelialcells,RD
-42.7558923449162,-9.4556865138547,endothelialcells,RD
-42.5862955451826,-9.56924280788479,endothelialcells,RD
-42.3948365614442,-9.97725404936989,endothelialcells,RD
-42.1797631219425,-9.58917089496129,endothelialcells,RD
-42.1204165077547,-10.0061144156085,endothelialcells,RD
-41.7868713744729,-9.53166218736952,endothelialcells,RD
-41.7443871221021,-9.77271441405788,endothelialcells,RD
-41.4828085515529,-10.0316086598893,endothelialcells,RD
-41.3057887159316,-10.1149723097792,endothelialcells,RD
-41.1176267694191,-9.57194503507736,endothelialcells,RD
-41.0153534617652,-9.83595994250829,endothelialcells,RD
-40.7435973900236,-9.80959651441819,endothelialcells,RD
-40.492773216856,-10.0215371389106,endothelialcells,RD
-40.3002504919003,-9.92002423793559,endothelialcells,RD
-40.2330950138864,-9.77047904025511,endothelialcells,RD
-40.0393852156646,-9.46428802576883,endothelialcells,RD
-39.7891894847152,-9.54863365548031,endothelialcells,RD
-39.5455912979502,-9.56723168554991,endothelialcells,RD
-39.344127678629,-9.43345835050019,endothelialcells,RD
-39.0688631856957,-9.30850287672153,endothelialcells,RD
-38.8928336838102,-9.11484989381808,endothelialcells,RD
-38.6386399946744,-9.03140986346726,endothelialcells,RD
-38.4197974936448,-8.8173298196576,endothelialcells,RD
-38.2446718834887,-8.62686779495798,endothelialcells,RD
-38.0806623586021,-8.56754116581083,endothelialcells,RD
-37.7974762255195,-8.4348189173123,endothelialcells,RD
-37.6717063022075,-8.21508313607732,endothelialcells,RD
-37.3945683972218,-8.12500187683496,endothelialcells,RD
-37.2367408118704,-7.99375729952828,endothelialcells,RD
-37.0209352305121,-7.99030866081511,endothelialcells,RD
-36.8366226349188,-7.98078742139148,endothelialcells,RD
-36.6763428704417,-7.90180709061327,endothelialcells,RD
-36.4824099268754,-7.89272957551841,endothelialcells,RD
-36.2431924380633,-8.02688653233666,endothelialcells,RD
-36.0345703283711,-7.98368352824726,endothelialcells,RD
-35.7225447470254,-8.12572763809541,endothelialcells,RD
-35.3753469701233,-8.26623436546106,endothelialcells,RD
-35.0462856348715,-8.44714303000673,endothelialcells,RD
-34.727493522078,-8.70234795565081,endothelialcells,RD
-34.4731901088448,-8.82673363130748,endothelialcells,RD
-34.1599215560932,-9.06458112302829,endothelialcells,RD
-33.9998163782946,-9.24407891955608,endothelialcells,RD
-33.7879457728734,-9.3667217277457,endothelialcells,RD
-33.5998142460616,-9.47637329354482,endothelialcells,RD
-33.4506976299325,-9.58850072196218,endothelialcells,RD
-33.3657310282504,-9.72038237714852,endothelialcells,RD
-33.3579908282801,-9.88669451345656,endothelialcells,RD
-33.4145391776136,-10.0917993756493,endothelialcells,RD
-33.6694420561319,-10.1768571067887,endothelialcells,RD
-33.9169341875389,-10.3119763253491,endothelialcells,RD
-34.186285130405,-10.5908460789605,endothelialcells,RD
-34.5179824742374,-10.9318003811392,endothelialcells,RD
-34.8985532708058,-11.2986390406203,endothelialcells,RD
-35.2365539126758,-11.5562987007078,endothelialcells,RD
-35.5227479202,-11.7084025370865,endothelialcells,RD
-35.7293849247224,-11.8359188945429,endothelialcells,RD
-36.0269921960645,-12.0154940210388,endothelialcells,RD
-36.1356589844561,-12.1297096387138,endothelialcells,RD
-36.1929419373468,-12.2810048712076,endothelialcells,RD
-36.1561993917565,-12.454347129408,endothelialcells,RD
-36.1813565737385,-12.6523266797998,endothelialcells,RD
-36.1873949289771,-12.9146134392592,endothelialcells,RD
-36.1885475141154,-13.1195841432216,endothelialcells,RD
-36.1441453581452,-13.3462703319358,endothelialcells,RD
-36.1160184725092,-13.5891380891417,endothelialcells,RD
-36.0831146502567,-13.8736790298724,endothelialcells,RD
-36.1162141452116,-14.1028614218782,endothelialcells,RD
-36.0949078582512,-14.3737058027124,endothelialcells,RD
-36.0619656135265,-14.6550527164406,endothelialcells,RD
-36.0031163652241,-14.9417582975989,endothelialcells,RD
-36.0212271486517,-15.2193926112664,endothelialcells,RD
-36.0155071233134,-15.4623446122259,endothelialcells,RD
-35.924147005935,-15.6965633557464,endothelialcells,RD
-35.9142661766927,-15.9538407267205,endothelialcells,RD
-35.8170649330492,-16.2096926782901,endothelialcells,RD
-35.618916625917,-16.4969789799958,endothelialcells,RD
-35.4802291246193,-16.7471910232001,endothelialcells,RD
-35.4464971101309,-16.9978134563454,endothelialcells,RD
-35.3399067480452,-17.1944133956203,endothelialcells,RD
-35.396193293742,-17.3489125975071,endothelialcells,RD
-35.5599061334614,-17.5015902435734,endothelialcells,RD
-35.7882057074761,-17.5030318946984,endothelialcells,RD
-35.9689776303501,-17.3646446310252,endothelialcells,RD
-36.0684976977209,-17.1852128975161,endothelialcells,RD
-36.2668035455949,-16.8752862342839,endothelialcells,RD
-36.464694644543,-16.6779580874334,endothelialcells,RD
22.9395388680572,-7.69094246082766,fibroblast,PCR
22.8239195603808,-7.61959947262765,fibroblast,PCR
22.670623491987,-7.62595227338471,fibroblast,PCR
22.5093098428525,-7.56912151185423,fibroblast,PCR
22.3310833035436,-7.54303471675027,fibroblast,PCR
22.1288366889619,-7.57503479193138,fibroblast,PCR
21.8679089034919,-7.48681231765948,fibroblast,PCR
21.6628930575088,-7.48186445575135,fibroblast,PCR
21.4477489727684,-7.52253242530026,fibroblast,PCR
21.2623800628598,-7.52141471543319,fibroblast,PCR
21.0320950544307,-7.60079525414991,fibroblast,PCR
20.8586465276286,-7.5853889060807,fibroblast,PCR
20.6587222340859,-7.61851201602869,fibroblast,PCR
20.4585366065895,-7.69267816529598,fibroblast,PCR
20.2539300023357,-7.55895118304791,fibroblast,PCR
20.1085955038209,-7.71081212724152,fibroblast,PCR
19.9073708397602,-7.74193199278962,fibroblast,PCR
19.765674213277,-8.03771263043889,fibroblast,PCR
19.6146461412626,-8.04389752981833,fibroblast,PCR
19.3295579115201,-7.83962213199039,fibroblast,PCR
19.1827511499457,-8.01549171429583,fibroblast,PCR
19.0800453528142,-8.30650436950422,fibroblast,PCR
18.8226863929318,-8.10822417487909,fibroblast,PCR
18.6407352661643,-8.05080036404046,fibroblast,PCR
18.5952973046714,-8.53049475426387,fibroblast,PCR
18.3438301489196,-8.2222852010523,fibroblast,PCR
18.3398849806367,-8.56522482603809,fibroblast,PCR
18.0115554808344,-8.14606903279626,fibroblast,PCR
18.1027801892278,-8.61789302985544,fibroblast,PCR
17.7557645715455,-8.29702235950094,fibroblast,PCR
17.6463977614099,-8.3516599350894,fibroblast,PCR
17.5100567138272,-8.63031856883494,fibroblast,PCR
17.4350830208988,-8.69696991018131,fibroblast,PCR
17.1623826950127,-8.70637825542228,fibroblast,PCR
16.9201918007452,-8.63204460371124,fibroblast,PCR
16.7984941905774,-8.86410790923549,fibroblast,PCR
16.529173003343,-8.97350613885858,fibroblast,PCR
16.3212570250083,-8.89705112283791,fibroblast,PCR
16.055840628195,-8.94123118601549,fibroblast,PCR
15.9338025869847,-9.00107390308822,fibroblast,PCR
15.6974542955297,-9.27982385870255,fibroblast,PCR
15.5605958448782,-9.34041214071812,fibroblast,PCR
15.281625277137,-9.16218047053678,fibroblast,PCR
15.1717607709899,-9.44776081981003,fibroblast,PCR
15.0339087638587,-9.51880560047057,fibroblast,PCR
14.8210371960727,-9.35342439633944,fibroblast,PCR
14.8106892106014,-9.71898837712811,fibroblast,PCR
14.5152749820282,-9.49395108440765,fibroblast,PCR
14.3025612427918,-9.36026380546845,fibroblast,PCR
14.3089683341499,-9.86445940135839,fibroblast,PCR
14.1755323208046,-9.68140340478896,fibroblast,PCR
13.951496974163,-9.75183157174548,fibroblast,PCR
13.7375753691442,-9.84827400608735,fibroblast,PCR
13.522640904496,-9.82943141734375,fibroblast,PCR
13.3330469649097,-9.99059372993751,fibroblast,PCR
13.1081235866969,-10.0162601594918,fibroblast,PCR
12.8668618535776,-10.0474292665007,fibroblast,PCR
12.6858982529317,-10.2153155402642,fibroblast,PCR
12.4780722145819,-10.2522237942263,fibroblast,PCR
12.1933752747077,-10.3462923110129,fibroblast,PCR
11.9957639374967,-10.4010571312887,fibroblast,PCR
11.7787993743522,-10.463838633993,fibroblast,PCR
11.6054926533091,-10.4961595537995,fibroblast,PCR
11.3461215587583,-10.4594995403169,fibroblast,PCR
11.117132315998,-10.5068531689319,fibroblast,PCR
10.9740237221751,-10.6844459641563,fibroblast,PCR
10.7440724377522,-10.8128120201658,fibroblast,PCR
10.4981221052587,-10.7638852941688,fibroblast,PCR
10.2588760994983,-10.8577861944262,fibroblast,PCR
10.040212995195,-10.8179862829629,fibroblast,PCR
9.89708934394212,-10.9284580867489,fibroblast,PCR
9.74683664540589,-11.1305325684433,fibroblast,PCR
9.45000728454275,-10.8187630927177,fibroblast,PCR
9.29964103676742,-10.937184609854,fibroblast,PCR
9.37977240829302,-11.3383863504675,fibroblast,PCR
9.1165266573438,-11.1378932577833,fibroblast,PCR
9.02872802918352,-11.1778594690537,fibroblast,PCR
8.81646864777057,-11.2783374572228,fibroblast,PCR
8.83192758542234,-11.6959768414235,fibroblast,PCR
8.66097524758827,-11.5822744282669,fibroblast,PCR
8.51386510711918,-11.6308213194182,fibroblast,PCR
8.23681835544695,-11.5206202999626,fibroblast,PCR
8.22177658816948,-11.7336957605594,fibroblast,PCR
7.93744333113418,-11.6542422626971,fibroblast,PCR
7.66139104007618,-11.647109586167,fibroblast,PCR
7.70527725933092,-12.0572375872486,fibroblast,PCR
7.5392318823798,-11.9971319271262,fibroblast,PCR
7.50613768753065,-12.2191284346089,fibroblast,PCR
7.22935341506973,-12.1708269570393,fibroblast,PCR
6.98069619907051,-11.9954643196269,fibroblast,PCR
7.09440712998778,-12.4692423442242,fibroblast,PCR
6.78915669527945,-12.1724564377456,fibroblast,PCR
6.92980923921974,-12.621406454952,fibroblast,PCR
6.52078000587259,-12.3001704778431,fibroblast,PCR
6.38795858812482,-12.4047574344053,fibroblast,PCR
6.533815491423,-13.0292436282936,fibroblast,PCR
6.4531312915423,-12.963274546777,fibroblast,PCR
6.27572851597928,-12.8223483562109,fibroblast,PCR
6.20607355500482,-12.7505504548173,fibroblast,PCR
6.07583876787506,-12.7215449325028,fibroblast,PCR
-22.4237536861474,44.9349443863798,fibroblast,RD
-22.2480027372954,44.803332844959,fibroblast,RD
-22.0030652233571,44.5697749209613,fibroblast,RD
-21.6841242196857,44.3119617014835,fibroblast,RD
-21.4927652467084,44.1128509295954,fibroblast,RD
-21.320880962409,43.930685345782,fibroblast,RD
-21.1952774060801,43.7688560997763,fibroblast,RD
-21.1050352436396,43.6497931048815,fibroblast,RD
-20.9088672861372,43.5873132427563,fibroblast,RD
-20.7644779813111,43.4826214526476,fibroblast,RD
-20.589971208176,43.5084169594754,fibroblast,RD
-20.5840664705933,43.2763290985009,fibroblast,RD
-20.5725757811471,43.1250079222969,fibroblast,RD
-20.4723422956367,43.0698577082082,fibroblast,RD
-20.1657103422817,43.2180521595658,fibroblast,RD
-20.0890826418726,42.9788556721954,fibroblast,RD
-19.9312875337241,42.8892263837698,fibroblast,RD
-19.8072851663994,42.7050445148072,fibroblast,RD
-19.7307896681183,42.6429105172306,fibroblast,RD
-19.5871211140811,42.4861601659194,fibroblast,RD
-19.3177584568616,42.5082986174429,fibroblast,RD
-19.1516884885609,42.310360445842,fibroblast,RD
-19.0276821829659,42.2008841344843,fibroblast,RD
-18.8841911934501,42.0711239757562,fibroblast,RD
-18.7660777880708,41.863254637808,fibroblast,RD
-18.5932403839853,41.6973270554719,fibroblast,RD
-18.3614710462252,41.6574137731757,fibroblast,RD
-18.1287077859417,41.4950171130943,fibroblast,RD
-17.9855318941209,41.3618210808691,fibroblast,RD
-17.9287548465959,41.1522374067455,fibroblast,RD
-17.8880140237752,41.0188865921567,fibroblast,RD
-17.6045030148922,41.0040909620764,fibroblast,RD
-17.4865214209155,40.7877152222372,fibroblast,RD
-17.5419981985222,40.5097471544954,fibroblast,RD
-17.209422495006,40.7484841782419,fibroblast,RD
-17.378943159277,40.4030288367799,fibroblast,RD
-17.2123361253315,40.3318624246594,fibroblast,RD
-16.8576141100702,40.4935076714008,fibroblast,RD
-16.9353978537688,40.1612276941842,fibroblast,RD
-16.8867169208627,40.0189773575658,fibroblast,RD
-16.5887594491212,39.9695596019406,fibroblast,RD
-16.4663845742589,39.8057496532252,fibroblast,RD
-16.4669023376287,39.6650155999784,fibroblast,RD
-16.3508089327012,39.4178277599144,fibroblast,RD
-16.1689616554201,39.3909225145364,fibroblast,RD
-16.0997222061048,39.1631785861265,fibroblast,RD
-15.829917258498,39.1108351758199,fibroblast,RD
-15.7926073622476,38.948466016405,fibroblast,RD
-15.8681949610489,38.6524772211649,fibroblast,RD
-15.4174470932162,38.7318851575363,fibroblast,RD
-15.8024943038363,38.3616293536686,fibroblast,RD
-15.5081203715574,38.4217543509084,fibroblast,RD
-15.428471469036,38.2997264898366,fibroblast,RD
-15.5677446101096,37.9385688080423,fibroblast,RD
-15.5217431973249,37.8538562916561,fibroblast,RD
-15.2641207801456,37.8780515111513,fibroblast,RD
-15.0017457241615,37.9079572667971,fibroblast,RD
-14.9022539661706,37.729533107142,fibroblast,RD
-14.6850789845989,37.6299456590772,fibroblast,RD
-14.4164742956461,37.5417725297337,fibroblast,RD
-14.1410771443853,37.3031059001578,fibroblast,RD
-13.9293801124768,37.1161037863048,fibroblast,RD
-13.5761947573524,36.8848494616206,fibroblast,RD
-13.3787816380312,36.7523041094881,fibroblast,RD
-13.1398923597058,36.5917926678965,fibroblast,RD
-13.0388696745751,36.4890802474479,fibroblast,RD
-12.8678516541677,36.456077886404,fibroblast,RD
-12.6673014575454,36.21603981414,fibroblast,RD
-12.512233772166,36.1453332666905,fibroblast,RD
-12.2770883509185,35.9625289894674,fibroblast,RD
-12.1480898626808,35.7870155759012,fibroblast,RD
-11.9959841251025,35.5334481371852,fibroblast,RD
-11.8154749601101,35.356318865695,fibroblast,RD
-11.5635156798157,35.2601259691099,fibroblast,RD
-11.5062337330773,35.0974472256334,fibroblast,RD
-11.3208696661026,34.9678648631668,fibroblast,RD
-11.2875874912471,34.6953930058563,fibroblast,RD
-11.1755713640352,34.6125336382895,fibroblast,RD
-11.0149104122622,34.6198800193273,fibroblast,RD
-11.0328054314869,34.3640247364902,fibroblast,RD
-10.8260062071028,34.3077109701244,fibroblast,RD
-11.0976581381843,33.9654817265775,fibroblast,RD
-10.9985681996358,33.9232910844117,fibroblast,RD
-10.5803204029406,34.0086081875771,fibroblast,RD
-10.560317803823,33.8600049514302,fibroblast,RD
-10.4403155218639,33.8017766329276,fibroblast,RD
-10.8786088606872,33.470293233299,fibroblast,RD
-10.6181685090692,33.3915567524253,fibroblast,RD
-10.9378292148249,33.2706688207167,fibroblast,RD
-10.4122284541814,33.2023974296341,fibroblast,RD
-10.4090604582567,33.0055990795687,fibroblast,RD
-10.6029824622977,32.8314990659058,fibroblast,RD
-10.7089324063321,32.5567213332115,fibroblast,RD
-10.684811999206,32.3834032605901,fibroblast,RD
-10.7049156718238,32.0840742637837,fibroblast,RD
-10.7167467141637,31.8570786385878,fibroblast,RD
-10.7935351729941,31.6476777638757,fibroblast,RD
-10.8038232472984,31.5030157118732,fibroblast,RD
-10.7894426068423,31.4308231865528,fibroblast,RD
-10.8545792656824,31.3350867634129,fibroblast,RD
